,res_imb_states,price_1,price_2
0,401,18.965,13.805
1,402,18.965,13.805
2,412,18.965,13.805
3,412,18.965,13.805
4,412,18.965,13.805
5,411,18.965,13.805
6,401,18.965,13.805
7,400,18.965,13.805
8,401,18.965,13.805
9,110,18.955,13.805
10,110,18.955,13.805
11,111,18.955,13.805
12,111,18.955,13.805
13,110,18.955,13.805
14,110,18.955,13.805
15,110,18.955,13.805
16,412,18.955,13.795
17,412,18.955,13.795
18,110,18.955,13.805
19,110,18.955,13.805
20,110,18.955,13.805
21,111,18.955,13.805
22,121,18.955,13.805
23,412,18.965,13.805
24,412,18.965,13.805
25,412,18.965,13.805
26,111,18.965,13.815
27,110,18.965,13.815
28,110,18.965,13.815
29,111,18.965,13.815
30,121,18.965,13.815
31,111,18.965,13.815
32,110,18.965,13.815
33,110,18.965,13.815
34,110,18.965,13.815
35,111,18.965,13.815
36,111,18.965,13.815
37,111,18.965,13.815
38,111,18.965,13.815
39,121,18.965,13.815
40,121,18.965,13.815
41,411,18.975,13.815
42,411,18.975,13.815
43,211,18.975,13.825
44,502,18.985000000000003,13.825
45,200,18.985000000000003,13.834999999999999
46,200,18.985000000000003,13.834999999999999
47,501,18.985000000000003,13.825
48,210,18.975,13.825
49,210,18.975,13.825
50,200,18.975,13.825
51,501,18.975,13.815
52,502,18.975,13.815
53,502,18.975,13.815
54,301,18.975,13.825
55,301,18.975,13.825
56,301,18.975,13.825
57,301,18.975,13.825
58,311,18.975,13.825
59,301,18.975,13.825
60,301,18.975,13.825
61,301,18.975,13.825
62,301,18.975,13.825
63,301,18.975,13.825
64,301,18.975,13.825
65,300,18.975,13.825
66,300,18.975,13.825
67,300,18.975,13.825
68,301,18.975,13.825
69,301,18.975,13.825
70,300,18.975,13.825
71,300,18.975,13.825
72,502,18.975,13.815
73,210,18.975,13.825
74,210,18.975,13.825
75,210,18.975,13.825
76,210,18.975,13.825
77,210,18.975,13.825
78,211,18.975,13.825
79,222,18.975,13.825
80,211,18.975,13.825
81,211,18.975,13.825
82,501,18.975,13.815
83,501,18.975,13.815
84,502,18.975,13.815
85,200,18.975,13.825
86,512,18.975,13.815
87,512,18.975,13.815
88,512,18.975,13.815
89,211,18.975,13.825
90,211,18.975,13.825
91,211,18.975,13.825
92,211,18.975,13.825
93,401,18.975,13.815
94,402,18.975,13.815
95,401,18.975,13.815
96,402,18.975,13.815
97,402,18.975,13.815
98,200,18.975,13.825
99,211,18.975,13.825
100,211,18.975,13.825
101,211,18.975,13.825
102,221,18.975,13.825
103,221,18.975,13.825
104,210,18.975,13.825
105,210,18.975,13.825
106,210,18.975,13.825
107,200,18.975,13.825
108,200,18.975,13.825
109,020,18.975,13.834999999999999
110,311,18.975,13.825
111,310,18.975,13.825
112,310,18.975,13.825
113,300,18.975,13.825
114,300,18.975,13.825
115,300,18.975,13.825
116,300,18.975,13.825
117,301,18.975,13.825
118,301,18.975,13.825
119,300,18.975,13.825
120,301,18.975,13.825
121,301,18.975,13.825
122,301,18.975,13.825
123,301,18.975,13.825
124,300,18.975,13.825
125,301,18.975,13.825
126,301,18.975,13.825
127,301,18.975,13.825
128,300,18.975,13.825
129,312,18.975,13.825
130,301,18.975,13.825
131,301,18.975,13.825
132,301,18.975,13.825
133,311,18.975,13.825
134,121,18.975,13.834999999999999
135,110,18.975,13.834999999999999
136,110,18.975,13.834999999999999
137,111,18.975,13.834999999999999
138,111,18.975,13.834999999999999
139,111,18.975,13.834999999999999
140,111,18.975,13.834999999999999
141,111,18.975,13.834999999999999
142,111,18.975,13.834999999999999
143,111,18.975,13.834999999999999
144,111,18.975,13.834999999999999
145,111,18.975,13.834999999999999
146,301,18.975,13.825
147,301,18.975,13.825
148,501,18.975,13.815
149,512,18.975,13.815
150,211,18.975,13.825
151,211,18.975,13.825
152,211,18.975,13.825
153,211,18.975,13.825
154,201,18.975,13.825
155,401,18.975,13.815
156,401,18.975,13.815
157,412,18.975,13.815
158,412,18.975,13.815
159,412,18.975,13.815
160,412,18.975,13.815
161,412,18.975,13.815
162,412,18.975,13.815
163,110,18.975,13.825
164,411,18.975,13.815
165,411,18.975,13.815
166,411,18.975,13.815
167,400,18.975,13.815
168,401,18.975,13.815
169,401,18.975,13.815
170,402,18.975,13.815
171,211,18.975,13.825
172,211,18.975,13.825
173,201,18.975,13.825
174,200,18.975,13.825
175,200,18.975,13.825
176,200,18.975,13.825
177,211,18.975,13.825
178,212,18.975,13.825
179,211,18.975,13.825
180,211,18.975,13.825
181,211,18.975,13.825
182,211,18.975,13.825
183,212,18.975,13.825
184,221,18.975,13.825
185,221,18.975,13.825
186,221,18.975,13.825
187,221,18.975,13.825
188,021,18.975,13.834999999999999
189,311,18.985000000000003,13.834999999999999
190,311,18.985000000000003,13.834999999999999
191,311,18.985000000000003,13.834999999999999
192,312,18.985000000000003,13.834999999999999
193,312,18.985000000000003,13.834999999999999
194,121,18.985000000000003,13.844999999999999
195,121,18.985000000000003,13.844999999999999
196,111,18.985000000000003,13.844999999999999
197,110,18.985000000000003,13.844999999999999
198,311,18.985000000000003,13.834999999999999
199,301,18.985000000000003,13.834999999999999
200,301,18.985000000000003,13.834999999999999
201,301,18.985000000000003,13.834999999999999
202,311,18.985000000000003,13.834999999999999
203,311,18.985000000000003,13.834999999999999
204,311,18.985000000000003,13.834999999999999
205,300,18.985000000000003,13.834999999999999
206,300,18.985000000000003,13.834999999999999
207,501,18.985000000000003,13.825
208,501,18.985000000000003,13.825
209,501,18.985000000000003,13.825
210,211,18.975,13.825
211,222,18.975,13.825
212,021,18.975,13.834999999999999
213,020,18.975,13.834999999999999
214,020,18.975,13.834999999999999
215,020,18.975,13.834999999999999
216,222,18.975,13.825
217,222,18.975,13.825
218,020,18.975,13.834999999999999
219,021,18.975,13.834999999999999
220,301,18.985000000000003,13.834999999999999
221,502,18.985000000000003,13.825
222,200,18.985000000000003,13.834999999999999
223,401,18.985000000000003,13.825
224,401,18.985000000000003,13.825
225,401,18.985000000000003,13.825
226,401,18.985000000000003,13.825
227,401,18.985000000000003,13.825
228,401,18.985000000000003,13.825
229,411,18.985000000000003,13.825
230,411,18.985000000000003,13.825
231,400,18.985000000000003,13.825
232,401,18.985000000000003,13.825
233,111,18.975,13.825
234,111,18.975,13.825
235,111,18.975,13.825
236,111,18.975,13.825
237,312,18.975,13.815
238,312,18.975,13.815
239,311,18.975,13.815
240,301,18.975,13.815
241,301,18.975,13.815
242,501,18.975,13.805
243,501,18.975,13.805
244,502,18.975,13.805
245,300,18.975,13.815
246,300,18.975,13.815
247,300,18.975,13.815
248,300,18.975,13.815
249,501,18.975,13.805
250,221,18.965,13.805
251,221,18.965,13.805
252,400,18.965,13.795
253,411,18.965,13.795
254,412,18.965,13.795
255,412,18.965,13.795
256,210,18.965,13.805
257,211,18.965,13.805
258,221,18.965,13.805
259,211,18.965,13.805
260,211,18.965,13.805
261,401,18.965,13.795
262,401,18.965,13.795
263,401,18.965,13.795
264,110,18.955,13.795
265,311,18.955,13.785
266,311,18.955,13.785
267,311,18.955,13.785
268,311,18.955,13.785
269,311,18.955,13.785
270,311,18.955,13.785
271,301,18.955,13.785
272,301,18.955,13.785
273,301,18.955,13.785
274,312,18.955,13.785
275,312,18.955,13.785
276,312,18.955,13.785
277,010,18.955,13.795
278,221,18.955,13.785
279,210,18.955,13.785
280,401,18.955,13.775
281,401,18.955,13.775
282,412,18.955,13.775
283,211,18.955,13.785
284,501,18.965,13.785
285,512,18.965,13.785
286,210,18.965,13.795
287,222,18.965,13.795
288,222,18.965,13.795
289,222,18.965,13.795
290,020,18.965,13.805
291,020,18.965,13.805
292,222,18.965,13.795
293,021,18.965,13.805
294,412,18.975,13.805
295,402,18.975,13.805
296,111,18.965,13.805
297,111,18.965,13.805
298,311,18.965,13.795
299,311,18.965,13.795
300,312,18.965,13.795
301,312,18.965,13.795
302,312,18.965,13.795
303,110,18.965,13.805
304,110,18.965,13.805
305,110,18.965,13.805
306,110,18.965,13.805
307,110,18.965,13.805
308,110,18.965,13.805
309,111,18.965,13.805
310,110,18.965,13.805
311,110,18.965,13.805
312,121,18.965,13.805
313,121,18.965,13.805
314,411,18.975,13.805
315,210,18.975,13.815
316,210,18.975,13.815
317,210,18.975,13.815
318,210,18.975,13.815
319,210,18.975,13.815
320,401,18.975,13.805
321,401,18.975,13.805
322,411,18.975,13.805
323,401,18.975,13.805
324,200,18.975,13.815
325,501,18.975,13.805
326,301,18.975,13.815
327,300,18.975,13.815
328,300,18.975,13.815
329,300,18.975,13.815
330,300,18.975,13.815
331,301,18.975,13.815
332,301,18.975,13.815
333,301,18.975,13.815
334,301,18.975,13.815
335,301,18.975,13.815
336,301,18.975,13.815
337,301,18.975,13.815
338,301,18.975,13.815
339,301,18.975,13.815
340,121,18.975,13.825
341,121,18.975,13.825
342,121,18.975,13.825
343,121,18.975,13.825
344,121,18.975,13.825
345,121,18.975,13.825
346,121,18.975,13.825
347,121,18.975,13.825
348,121,18.975,13.825
349,412,18.985000000000003,13.825
350,412,18.985000000000003,13.825
351,402,18.985000000000003,13.825
352,401,18.985000000000003,13.825
353,401,18.985000000000003,13.825
354,121,18.975,13.825
355,121,18.975,13.825
356,121,18.975,13.825
357,121,18.975,13.825
358,121,18.975,13.825
359,121,18.975,13.825
360,121,18.975,13.825
361,121,18.975,13.825
362,111,18.975,13.825
363,111,18.975,13.825
364,111,18.975,13.825
365,111,18.975,13.825
366,110,18.975,13.825
367,401,18.975,13.815
368,111,18.965,13.815
369,121,18.965,13.815
370,121,18.965,13.815
371,121,18.965,13.815
372,122,18.965,13.815
373,121,18.965,13.815
374,121,18.965,13.815
375,121,18.965,13.815
376,401,18.975,13.815
377,401,18.975,13.815
378,412,18.975,13.815
379,412,18.975,13.815
380,412,18.975,13.815
381,411,18.975,13.815
382,211,18.975,13.825
383,011,18.975,13.834999999999999
384,021,18.975,13.834999999999999
385,311,18.985000000000003,13.834999999999999
386,311,18.985000000000003,13.834999999999999
387,311,18.985000000000003,13.834999999999999
388,311,18.985000000000003,13.834999999999999
389,311,18.985000000000003,13.834999999999999
390,311,18.985000000000003,13.834999999999999
391,311,18.985000000000003,13.834999999999999
392,311,18.985000000000003,13.834999999999999
393,311,18.985000000000003,13.834999999999999
394,311,18.985000000000003,13.834999999999999
395,311,18.985000000000003,13.834999999999999
396,301,18.985000000000003,13.834999999999999
397,112,18.985000000000003,13.844999999999999
398,111,18.985000000000003,13.844999999999999
399,111,18.985000000000003,13.844999999999999
400,110,18.985000000000003,13.844999999999999
401,110,18.985000000000003,13.844999999999999
402,401,18.985000000000003,13.834999999999999
403,402,18.985000000000003,13.834999999999999
404,401,18.985000000000003,13.834999999999999
405,222,18.985000000000003,13.844999999999999
406,222,18.985000000000003,13.844999999999999
407,222,18.985000000000003,13.844999999999999
408,021,18.985000000000003,13.854999999999999
409,310,18.995000000000005,13.854999999999999
410,301,18.995000000000005,13.854999999999999
411,301,18.995000000000005,13.854999999999999
412,312,18.995000000000005,13.854999999999999
413,312,18.995000000000005,13.854999999999999
414,312,18.995000000000005,13.854999999999999
415,301,18.995000000000005,13.854999999999999
416,301,18.995000000000005,13.854999999999999
417,301,18.995000000000005,13.854999999999999
418,301,18.995000000000005,13.854999999999999
419,501,18.995000000000005,13.844999999999999
420,212,18.985000000000003,13.844999999999999
421,212,18.985000000000003,13.844999999999999
422,212,18.985000000000003,13.844999999999999
423,021,18.985000000000003,13.854999999999999
424,021,18.985000000000003,13.854999999999999
425,312,18.995000000000005,13.854999999999999
426,311,18.995000000000005,13.854999999999999
427,301,18.995000000000005,13.854999999999999
428,301,18.995000000000005,13.854999999999999
429,311,18.995000000000005,13.854999999999999
430,311,18.995000000000005,13.854999999999999
431,301,18.995000000000005,13.854999999999999
432,301,18.995000000000005,13.854999999999999
433,301,18.995000000000005,13.854999999999999
434,301,18.995000000000005,13.854999999999999
435,301,18.995000000000005,13.854999999999999
436,301,18.995000000000005,13.854999999999999
437,301,18.995000000000005,13.854999999999999
438,301,18.995000000000005,13.854999999999999
439,301,18.995000000000005,13.854999999999999
440,311,18.995000000000005,13.854999999999999
441,311,18.995000000000005,13.854999999999999
442,322,18.995000000000005,13.854999999999999
443,010,18.995000000000005,13.864999999999998
444,021,18.995000000000005,13.864999999999998
445,311,19.005000000000006,13.864999999999998
446,121,19.005000000000006,13.874999999999998
447,121,19.005000000000006,13.874999999999998
448,411,19.005000000000006,13.864999999999998
449,411,19.005000000000006,13.864999999999998
450,411,19.005000000000006,13.864999999999998
451,401,19.005000000000006,13.864999999999998
452,411,19.005000000000006,13.864999999999998
453,210,19.005000000000006,13.874999999999998
454,210,19.005000000000006,13.874999999999998
455,210,19.005000000000006,13.874999999999998
456,210,19.005000000000006,13.874999999999998
457,210,19.005000000000006,13.874999999999998
458,211,19.005000000000006,13.874999999999998
459,211,19.005000000000006,13.874999999999998
460,021,19.005000000000006,13.884999999999998
461,311,19.015000000000008,13.884999999999998
462,301,19.015000000000008,13.884999999999998
463,122,19.015000000000008,13.894999999999998
464,121,19.015000000000008,13.894999999999998
465,121,19.015000000000008,13.894999999999998
466,310,19.015000000000008,13.884999999999998
467,301,19.015000000000008,13.884999999999998
468,301,19.015000000000008,13.884999999999998
469,311,19.015000000000008,13.884999999999998
470,311,19.015000000000008,13.884999999999998
471,311,19.015000000000008,13.884999999999998
472,311,19.015000000000008,13.884999999999998
473,312,19.015000000000008,13.884999999999998
474,312,19.015000000000008,13.884999999999998
475,311,19.015000000000008,13.884999999999998
476,311,19.015000000000008,13.884999999999998
477,322,19.015000000000008,13.884999999999998
478,322,19.015000000000008,13.884999999999998
479,311,19.015000000000008,13.884999999999998
480,311,19.015000000000008,13.884999999999998
481,311,19.015000000000008,13.884999999999998
482,311,19.015000000000008,13.884999999999998
483,311,19.015000000000008,13.884999999999998
484,121,19.015000000000008,13.894999999999998
485,121,19.015000000000008,13.894999999999998
486,412,19.02500000000001,13.894999999999998
487,110,19.02500000000001,13.904999999999998
488,121,19.02500000000001,13.904999999999998
489,121,19.02500000000001,13.904999999999998
490,121,19.02500000000001,13.904999999999998
491,120,19.02500000000001,13.904999999999998
492,311,19.02500000000001,13.894999999999998
493,311,19.02500000000001,13.894999999999998
494,311,19.02500000000001,13.894999999999998
495,311,19.02500000000001,13.894999999999998
496,311,19.02500000000001,13.894999999999998
497,311,19.02500000000001,13.894999999999998
498,310,19.02500000000001,13.894999999999998
499,311,19.02500000000001,13.894999999999998
500,311,19.02500000000001,13.894999999999998
501,312,19.02500000000001,13.894999999999998
502,121,19.02500000000001,13.904999999999998
503,121,19.02500000000001,13.904999999999998
504,111,19.02500000000001,13.904999999999998
505,111,19.02500000000001,13.904999999999998
506,110,19.02500000000001,13.904999999999998
507,110,19.02500000000001,13.904999999999998
508,110,19.02500000000001,13.904999999999998
509,411,19.02500000000001,13.894999999999998
510,411,19.02500000000001,13.894999999999998
511,411,19.02500000000001,13.894999999999998
512,411,19.02500000000001,13.894999999999998
513,401,19.02500000000001,13.894999999999998
514,401,19.02500000000001,13.894999999999998
515,402,19.02500000000001,13.894999999999998
516,200,19.02500000000001,13.904999999999998
517,210,19.02500000000001,13.904999999999998
518,211,19.02500000000001,13.904999999999998
519,211,19.02500000000001,13.904999999999998
520,212,19.02500000000001,13.904999999999998
521,221,19.02500000000001,13.904999999999998
522,221,19.02500000000001,13.904999999999998
523,211,19.02500000000001,13.904999999999998
524,211,19.02500000000001,13.904999999999998
525,221,19.02500000000001,13.904999999999998
526,221,19.02500000000001,13.904999999999998
527,411,19.02500000000001,13.894999999999998
528,212,19.02500000000001,13.904999999999998
529,212,19.02500000000001,13.904999999999998
530,212,19.02500000000001,13.904999999999998
531,211,19.02500000000001,13.904999999999998
532,211,19.02500000000001,13.904999999999998
533,211,19.02500000000001,13.904999999999998
534,211,19.02500000000001,13.904999999999998
535,211,19.02500000000001,13.904999999999998
536,221,19.02500000000001,13.904999999999998
537,210,19.02500000000001,13.904999999999998
538,210,19.02500000000001,13.904999999999998
539,200,19.02500000000001,13.904999999999998
540,200,19.02500000000001,13.904999999999998
541,212,19.02500000000001,13.904999999999998
542,222,19.02500000000001,13.904999999999998
543,222,19.02500000000001,13.904999999999998
544,222,19.02500000000001,13.904999999999998
545,211,19.02500000000001,13.904999999999998
546,211,19.02500000000001,13.904999999999998
547,211,19.02500000000001,13.904999999999998
548,221,19.02500000000001,13.904999999999998
549,221,19.02500000000001,13.904999999999998
550,222,19.02500000000001,13.904999999999998
551,211,19.02500000000001,13.904999999999998
552,411,19.02500000000001,13.894999999999998
553,401,19.02500000000001,13.894999999999998
554,401,19.02500000000001,13.894999999999998
555,401,19.02500000000001,13.894999999999998
556,401,19.02500000000001,13.894999999999998
557,402,19.02500000000001,13.894999999999998
558,210,19.02500000000001,13.904999999999998
559,210,19.02500000000001,13.904999999999998
560,210,19.02500000000001,13.904999999999998
561,211,19.02500000000001,13.904999999999998
562,210,19.02500000000001,13.904999999999998
563,210,19.02500000000001,13.904999999999998
564,210,19.02500000000001,13.904999999999998
565,501,19.02500000000001,13.894999999999998
566,501,19.02500000000001,13.894999999999998
567,512,19.02500000000001,13.894999999999998
568,211,19.02500000000001,13.904999999999998
569,211,19.02500000000001,13.904999999999998
570,501,19.03500000000001,13.904999999999998
571,502,19.03500000000001,13.904999999999998
572,211,19.02500000000001,13.904999999999998
573,222,19.02500000000001,13.904999999999998
574,021,19.02500000000001,13.914999999999997
575,021,19.02500000000001,13.914999999999997
576,300,19.03500000000001,13.914999999999997
577,300,19.03500000000001,13.914999999999997
578,300,19.03500000000001,13.914999999999997
579,301,19.03500000000001,13.914999999999997
580,301,19.03500000000001,13.914999999999997
581,300,19.03500000000001,13.914999999999997
582,502,19.03500000000001,13.904999999999998
583,502,19.03500000000001,13.904999999999998
584,512,19.03500000000001,13.904999999999998
585,512,19.03500000000001,13.904999999999998
586,512,19.03500000000001,13.904999999999998
587,221,19.02500000000001,13.904999999999998
588,221,19.02500000000001,13.904999999999998
589,021,19.02500000000001,13.914999999999997
590,020,19.02500000000001,13.914999999999997
591,311,19.03500000000001,13.914999999999997
592,111,19.03500000000001,13.924999999999997
593,110,19.03500000000001,13.924999999999997
594,401,19.03500000000001,13.914999999999997
595,402,19.03500000000001,13.914999999999997
596,401,19.03500000000001,13.914999999999997
597,110,19.02500000000001,13.914999999999997
598,110,19.02500000000001,13.914999999999997
599,110,19.02500000000001,13.914999999999997
600,111,19.02500000000001,13.914999999999997
601,111,19.02500000000001,13.914999999999997
602,110,19.02500000000001,13.914999999999997
603,110,19.02500000000001,13.914999999999997
604,411,19.02500000000001,13.904999999999998
605,412,19.02500000000001,13.904999999999998
606,412,19.02500000000001,13.904999999999998
607,121,19.02500000000001,13.914999999999997
608,121,19.02500000000001,13.914999999999997
609,121,19.02500000000001,13.914999999999997
610,121,19.02500000000001,13.914999999999997
611,121,19.02500000000001,13.914999999999997
612,111,19.02500000000001,13.914999999999997
613,111,19.02500000000001,13.914999999999997
614,110,19.02500000000001,13.914999999999997
615,111,19.02500000000001,13.914999999999997
616,111,19.02500000000001,13.914999999999997
617,111,19.02500000000001,13.914999999999997
618,110,19.02500000000001,13.914999999999997
619,110,19.02500000000001,13.914999999999997
620,110,19.02500000000001,13.914999999999997
621,110,19.02500000000001,13.914999999999997
622,110,19.02500000000001,13.914999999999997
623,411,19.02500000000001,13.904999999999998
624,411,19.02500000000001,13.904999999999998
625,401,19.02500000000001,13.904999999999998
626,401,19.02500000000001,13.904999999999998
627,120,19.015000000000008,13.904999999999998
628,120,19.015000000000008,13.904999999999998
629,120,19.015000000000008,13.904999999999998
630,412,19.02500000000001,13.904999999999998
631,412,19.02500000000001,13.904999999999998
632,412,19.02500000000001,13.904999999999998
633,411,19.02500000000001,13.904999999999998
634,411,19.02500000000001,13.904999999999998
635,401,19.02500000000001,13.904999999999998
636,010,19.015000000000008,13.904999999999998
637,221,19.015000000000008,13.894999999999998
638,221,19.015000000000008,13.894999999999998
639,221,19.015000000000008,13.894999999999998
640,401,19.015000000000008,13.884999999999998
641,400,19.015000000000008,13.884999999999998
642,400,19.015000000000008,13.884999999999998
643,411,19.015000000000008,13.884999999999998
644,411,19.015000000000008,13.884999999999998
645,220,19.015000000000008,13.894999999999998
646,512,19.02500000000001,13.894999999999998
647,210,19.015000000000008,13.894999999999998
648,210,19.015000000000008,13.894999999999998
649,411,19.015000000000008,13.884999999999998
650,411,19.015000000000008,13.884999999999998
651,211,19.015000000000008,13.894999999999998
652,211,19.015000000000008,13.894999999999998
653,210,19.015000000000008,13.894999999999998
654,210,19.015000000000008,13.894999999999998
655,211,19.015000000000008,13.894999999999998
656,210,19.015000000000008,13.894999999999998
657,221,19.015000000000008,13.894999999999998
658,222,19.015000000000008,13.894999999999998
659,212,19.015000000000008,13.894999999999998
660,212,19.015000000000008,13.894999999999998
661,222,19.015000000000008,13.894999999999998
662,222,19.015000000000008,13.894999999999998
663,222,19.015000000000008,13.894999999999998
664,222,19.015000000000008,13.894999999999998
665,222,19.015000000000008,13.894999999999998
666,211,19.015000000000008,13.894999999999998
667,222,19.015000000000008,13.894999999999998
668,221,19.015000000000008,13.894999999999998
669,221,19.015000000000008,13.894999999999998
670,221,19.015000000000008,13.894999999999998
671,221,19.015000000000008,13.894999999999998
672,221,19.015000000000008,13.894999999999998
673,221,19.015000000000008,13.894999999999998
674,221,19.015000000000008,13.894999999999998
675,221,19.015000000000008,13.894999999999998
676,221,19.015000000000008,13.894999999999998
677,211,19.015000000000008,13.894999999999998
678,212,19.015000000000008,13.894999999999998
679,212,19.015000000000008,13.894999999999998
680,212,19.015000000000008,13.894999999999998
681,211,19.015000000000008,13.894999999999998
682,211,19.015000000000008,13.894999999999998
683,211,19.015000000000008,13.894999999999998
684,010,19.015000000000008,13.904999999999998
685,211,19.015000000000008,13.894999999999998
686,211,19.015000000000008,13.894999999999998
687,200,19.015000000000008,13.894999999999998
688,512,19.015000000000008,13.884999999999998
689,210,19.015000000000008,13.894999999999998
690,411,19.015000000000008,13.884999999999998
691,412,19.015000000000008,13.884999999999998
692,411,19.015000000000008,13.884999999999998
693,411,19.015000000000008,13.884999999999998
694,212,19.015000000000008,13.894999999999998
695,212,19.015000000000008,13.894999999999998
696,222,19.015000000000008,13.894999999999998
697,211,19.015000000000008,13.894999999999998
698,210,19.015000000000008,13.894999999999998
699,210,19.015000000000008,13.894999999999998
700,210,19.015000000000008,13.894999999999998
701,512,19.015000000000008,13.884999999999998
702,512,19.015000000000008,13.884999999999998
703,221,19.005000000000006,13.884999999999998
704,221,19.005000000000006,13.884999999999998
705,221,19.005000000000006,13.884999999999998
706,211,19.005000000000006,13.884999999999998
707,211,19.005000000000006,13.884999999999998
708,221,19.005000000000006,13.884999999999998
709,221,19.005000000000006,13.884999999999998
710,211,19.005000000000006,13.884999999999998
711,221,19.005000000000006,13.884999999999998
712,211,19.005000000000006,13.884999999999998
713,211,19.005000000000006,13.884999999999998
714,211,19.005000000000006,13.884999999999998
715,211,19.005000000000006,13.884999999999998
716,211,19.005000000000006,13.884999999999998
717,211,19.005000000000006,13.884999999999998
718,211,19.005000000000006,13.884999999999998
719,211,19.005000000000006,13.884999999999998
720,222,19.005000000000006,13.884999999999998
721,222,19.005000000000006,13.884999999999998
722,021,19.005000000000006,13.894999999999998
723,411,19.015000000000008,13.894999999999998
724,401,19.015000000000008,13.894999999999998
725,401,19.015000000000008,13.894999999999998
726,401,19.015000000000008,13.894999999999998
727,401,19.015000000000008,13.894999999999998
728,401,19.015000000000008,13.894999999999998
729,402,19.015000000000008,13.894999999999998
730,401,19.015000000000008,13.894999999999998
731,412,19.015000000000008,13.894999999999998
732,211,19.015000000000008,13.904999999999998
733,211,19.015000000000008,13.904999999999998
734,210,19.015000000000008,13.904999999999998
735,200,19.015000000000008,13.904999999999998
736,200,19.015000000000008,13.904999999999998
737,200,19.015000000000008,13.904999999999998
738,211,19.015000000000008,13.904999999999998
739,221,19.015000000000008,13.904999999999998
740,210,19.015000000000008,13.904999999999998
741,210,19.015000000000008,13.904999999999998
742,211,19.015000000000008,13.904999999999998
743,211,19.015000000000008,13.904999999999998
744,222,19.015000000000008,13.904999999999998
745,222,19.015000000000008,13.904999999999998
746,222,19.015000000000008,13.904999999999998
747,222,19.015000000000008,13.904999999999998
748,211,19.015000000000008,13.904999999999998
749,211,19.015000000000008,13.904999999999998
750,211,19.015000000000008,13.904999999999998
751,212,19.015000000000008,13.904999999999998
752,222,19.015000000000008,13.904999999999998
753,502,19.02500000000001,13.904999999999998
754,502,19.02500000000001,13.904999999999998
755,502,19.02500000000001,13.904999999999998
756,211,19.015000000000008,13.904999999999998
757,211,19.015000000000008,13.904999999999998
758,211,19.015000000000008,13.904999999999998
759,011,19.015000000000008,13.914999999999997
760,021,19.015000000000008,13.914999999999997
761,411,19.02500000000001,13.914999999999997
762,411,19.02500000000001,13.914999999999997
763,411,19.02500000000001,13.914999999999997
764,400,19.02500000000001,13.914999999999997
765,401,19.02500000000001,13.914999999999997
766,401,19.02500000000001,13.914999999999997
767,211,19.02500000000001,13.924999999999997
768,211,19.02500000000001,13.924999999999997
769,212,19.02500000000001,13.924999999999997
770,212,19.02500000000001,13.924999999999997
771,212,19.02500000000001,13.924999999999997
772,222,19.02500000000001,13.924999999999997
773,222,19.02500000000001,13.924999999999997
774,222,19.02500000000001,13.924999999999997
775,221,19.02500000000001,13.924999999999997
776,221,19.02500000000001,13.924999999999997
777,222,19.02500000000001,13.924999999999997
778,222,19.02500000000001,13.924999999999997
779,211,19.02500000000001,13.924999999999997
780,020,19.02500000000001,13.934999999999997
781,020,19.02500000000001,13.934999999999997
782,021,19.02500000000001,13.934999999999997
783,312,19.03500000000001,13.934999999999997
784,312,19.03500000000001,13.934999999999997
785,312,19.03500000000001,13.934999999999997
786,312,19.03500000000001,13.934999999999997
787,312,19.03500000000001,13.934999999999997
788,312,19.03500000000001,13.934999999999997
789,312,19.03500000000001,13.934999999999997
790,300,19.03500000000001,13.934999999999997
791,300,19.03500000000001,13.934999999999997
792,301,19.03500000000001,13.934999999999997
793,301,19.03500000000001,13.934999999999997
794,301,19.03500000000001,13.934999999999997
795,301,19.03500000000001,13.934999999999997
796,312,19.03500000000001,13.934999999999997
797,311,19.03500000000001,13.934999999999997
798,301,19.03500000000001,13.934999999999997
799,301,19.03500000000001,13.934999999999997
800,300,19.03500000000001,13.934999999999997
801,300,19.03500000000001,13.934999999999997
802,300,19.03500000000001,13.934999999999997
803,300,19.03500000000001,13.934999999999997
804,301,19.03500000000001,13.934999999999997
805,301,19.03500000000001,13.934999999999997
806,311,19.03500000000001,13.934999999999997
807,311,19.03500000000001,13.934999999999997
808,312,19.03500000000001,13.934999999999997
809,312,19.03500000000001,13.934999999999997
810,322,19.03500000000001,13.934999999999997
811,021,19.03500000000001,13.944999999999997
812,312,19.045000000000012,13.944999999999997
813,312,19.045000000000012,13.944999999999997
814,110,19.045000000000012,13.954999999999997
815,411,19.045000000000012,13.944999999999997
816,411,19.045000000000012,13.944999999999997
817,411,19.045000000000012,13.944999999999997
818,411,19.045000000000012,13.944999999999997
819,412,19.045000000000012,13.944999999999997
820,412,19.045000000000012,13.944999999999997
821,411,19.045000000000012,13.944999999999997
822,221,19.045000000000012,13.954999999999997
823,222,19.045000000000012,13.954999999999997
824,021,19.045000000000012,13.964999999999996
825,021,19.045000000000012,13.964999999999996
826,020,19.045000000000012,13.964999999999996
827,312,19.045000000000012,13.954999999999997
828,312,19.045000000000012,13.954999999999997
829,110,19.045000000000012,13.964999999999996
830,411,19.045000000000012,13.954999999999997
831,401,19.045000000000012,13.954999999999997
832,401,19.045000000000012,13.954999999999997
833,411,19.045000000000012,13.954999999999997
834,412,19.045000000000012,13.954999999999997
835,412,19.045000000000012,13.954999999999997
836,412,19.045000000000012,13.954999999999997
837,411,19.045000000000012,13.954999999999997
838,401,19.045000000000012,13.954999999999997
839,401,19.045000000000012,13.954999999999997
840,401,19.045000000000012,13.954999999999997
841,401,19.045000000000012,13.954999999999997
842,401,19.045000000000012,13.954999999999997
843,411,19.045000000000012,13.954999999999997
844,411,19.045000000000012,13.954999999999997
845,411,19.045000000000012,13.954999999999997
846,412,19.045000000000012,13.954999999999997
847,411,19.045000000000012,13.954999999999997
848,401,19.045000000000012,13.954999999999997
849,411,19.045000000000012,13.954999999999997
850,401,19.045000000000012,13.954999999999997
851,401,19.045000000000012,13.954999999999997
852,402,19.045000000000012,13.954999999999997
853,402,19.045000000000012,13.954999999999997
854,401,19.045000000000012,13.954999999999997
855,401,19.045000000000012,13.954999999999997
856,200,19.045000000000012,13.964999999999996
857,401,19.045000000000012,13.954999999999997
858,111,19.03500000000001,13.954999999999997
859,122,19.03500000000001,13.954999999999997
860,122,19.03500000000001,13.954999999999997
861,122,19.03500000000001,13.954999999999997
862,111,19.03500000000001,13.954999999999997
863,121,19.03500000000001,13.954999999999997
864,121,19.03500000000001,13.954999999999997
865,121,19.03500000000001,13.954999999999997
866,121,19.03500000000001,13.954999999999997
867,121,19.03500000000001,13.954999999999997
868,121,19.03500000000001,13.954999999999997
869,121,19.03500000000001,13.954999999999997
870,122,19.03500000000001,13.954999999999997
871,121,19.03500000000001,13.954999999999997
872,401,19.045000000000012,13.954999999999997
873,401,19.045000000000012,13.954999999999997
874,401,19.045000000000012,13.954999999999997
875,211,19.045000000000012,13.964999999999996
876,212,19.045000000000012,13.964999999999996
877,211,19.045000000000012,13.964999999999996
878,212,19.045000000000012,13.964999999999996
879,221,19.045000000000012,13.964999999999996
880,221,19.045000000000012,13.964999999999996
881,222,19.045000000000012,13.964999999999996
882,222,19.045000000000012,13.964999999999996
883,222,19.045000000000012,13.964999999999996
884,221,19.045000000000012,13.964999999999996
885,221,19.045000000000012,13.964999999999996
886,211,19.045000000000012,13.964999999999996
887,211,19.045000000000012,13.964999999999996
888,210,19.045000000000012,13.964999999999996
889,211,19.045000000000012,13.964999999999996
890,222,19.045000000000012,13.964999999999996
891,222,19.045000000000012,13.964999999999996
892,222,19.045000000000012,13.964999999999996
893,221,19.045000000000012,13.964999999999996
894,221,19.045000000000012,13.964999999999996
895,222,19.045000000000012,13.964999999999996
896,222,19.045000000000012,13.964999999999996
897,211,19.045000000000012,13.964999999999996
898,210,19.045000000000012,13.964999999999996
899,211,19.045000000000012,13.964999999999996
900,211,19.045000000000012,13.964999999999996
901,211,19.045000000000012,13.964999999999996
902,211,19.045000000000012,13.964999999999996
903,221,19.045000000000012,13.964999999999996
904,221,19.045000000000012,13.964999999999996
905,221,19.045000000000012,13.964999999999996
906,221,19.045000000000012,13.964999999999996
907,411,19.045000000000012,13.954999999999997
908,412,19.045000000000012,13.954999999999997
909,412,19.045000000000012,13.954999999999997
910,412,19.045000000000012,13.954999999999997
911,412,19.045000000000012,13.954999999999997
912,222,19.045000000000012,13.964999999999996
913,222,19.045000000000012,13.964999999999996
914,222,19.045000000000012,13.964999999999996
915,222,19.045000000000012,13.964999999999996
916,222,19.045000000000012,13.964999999999996
917,212,19.045000000000012,13.964999999999996
918,221,19.045000000000012,13.964999999999996
919,210,19.045000000000012,13.964999999999996
920,211,19.045000000000012,13.964999999999996
921,210,19.045000000000012,13.964999999999996
922,210,19.045000000000012,13.964999999999996
923,210,19.045000000000012,13.964999999999996
924,210,19.045000000000012,13.964999999999996
925,210,19.045000000000012,13.964999999999996
926,221,19.045000000000012,13.964999999999996
927,221,19.045000000000012,13.964999999999996
928,221,19.045000000000012,13.964999999999996
929,221,19.045000000000012,13.964999999999996
930,221,19.045000000000012,13.964999999999996
931,221,19.045000000000012,13.964999999999996
932,221,19.045000000000012,13.964999999999996
933,221,19.045000000000012,13.964999999999996
934,020,19.045000000000012,13.974999999999996
935,020,19.045000000000012,13.974999999999996
936,311,19.055000000000014,13.974999999999996
937,312,19.055000000000014,13.974999999999996
938,312,19.055000000000014,13.974999999999996
939,322,19.055000000000014,13.974999999999996
940,311,19.055000000000014,13.974999999999996
941,501,19.055000000000014,13.964999999999996
942,501,19.055000000000014,13.964999999999996
943,501,19.055000000000014,13.964999999999996
944,501,19.055000000000014,13.964999999999996
945,501,19.055000000000014,13.964999999999996
946,222,19.045000000000012,13.964999999999996
947,020,19.045000000000012,13.974999999999996
948,020,19.045000000000012,13.974999999999996
949,311,19.055000000000014,13.974999999999996
950,311,19.055000000000014,13.974999999999996
951,310,19.055000000000014,13.974999999999996
952,311,19.055000000000014,13.974999999999996
953,311,19.055000000000014,13.974999999999996
954,312,19.055000000000014,13.974999999999996
955,312,19.055000000000014,13.974999999999996
956,312,19.055000000000014,13.974999999999996
957,312,19.055000000000014,13.974999999999996
958,312,19.055000000000014,13.974999999999996
959,311,19.055000000000014,13.974999999999996
960,311,19.055000000000014,13.974999999999996
961,300,19.055000000000014,13.974999999999996
962,300,19.055000000000014,13.974999999999996
963,502,19.055000000000014,13.964999999999996
964,311,19.055000000000014,13.974999999999996
965,311,19.055000000000014,13.974999999999996
966,311,19.055000000000014,13.974999999999996
967,511,19.055000000000014,13.964999999999996
968,501,19.055000000000014,13.964999999999996
969,501,19.055000000000014,13.964999999999996
970,512,19.055000000000014,13.964999999999996
971,512,19.055000000000014,13.964999999999996
972,301,19.055000000000014,13.974999999999996
973,300,19.055000000000014,13.974999999999996
974,502,19.055000000000014,13.964999999999996
975,301,19.055000000000014,13.974999999999996
976,301,19.055000000000014,13.974999999999996
977,311,19.055000000000014,13.974999999999996
978,311,19.055000000000014,13.974999999999996
979,311,19.055000000000014,13.974999999999996
980,301,19.055000000000014,13.974999999999996
981,300,19.055000000000014,13.974999999999996
982,301,19.055000000000014,13.974999999999996
983,301,19.055000000000014,13.974999999999996
984,301,19.055000000000014,13.974999999999996
985,311,19.055000000000014,13.974999999999996
986,301,19.055000000000014,13.974999999999996
987,301,19.055000000000014,13.974999999999996
988,301,19.055000000000014,13.974999999999996
989,301,19.055000000000014,13.974999999999996
990,312,19.055000000000014,13.974999999999996
991,311,19.055000000000014,13.974999999999996
992,311,19.055000000000014,13.974999999999996
993,300,19.055000000000014,13.974999999999996
994,501,19.055000000000014,13.964999999999996
995,211,19.045000000000012,13.964999999999996
996,201,19.045000000000012,13.964999999999996
997,200,19.045000000000012,13.964999999999996
998,210,19.045000000000012,13.964999999999996
999,211,19.045000000000012,13.964999999999996
1000,211,19.045000000000012,13.964999999999996
1001,212,19.045000000000012,13.964999999999996
1002,211,19.045000000000012,13.964999999999996
1003,211,19.045000000000012,13.964999999999996
1004,210,19.045000000000012,13.964999999999996
1005,210,19.045000000000012,13.964999999999996
1006,212,19.045000000000012,13.964999999999996
1007,211,19.045000000000012,13.964999999999996
1008,211,19.045000000000012,13.964999999999996
1009,211,19.045000000000012,13.964999999999996
1010,210,19.045000000000012,13.964999999999996
1011,221,19.045000000000012,13.964999999999996
1012,221,19.045000000000012,13.964999999999996
1013,222,19.045000000000012,13.964999999999996
1014,211,19.045000000000012,13.964999999999996
1015,211,19.045000000000012,13.964999999999996
1016,211,19.045000000000012,13.964999999999996
1017,211,19.045000000000012,13.964999999999996
1018,501,19.045000000000012,13.954999999999997
1019,501,19.045000000000012,13.954999999999997
1020,501,19.045000000000012,13.954999999999997
1021,211,19.03500000000001,13.954999999999997
1022,211,19.03500000000001,13.954999999999997
1023,021,19.03500000000001,13.964999999999996
1024,310,19.045000000000012,13.964999999999996
1025,311,19.045000000000012,13.964999999999996
1026,311,19.045000000000012,13.964999999999996
1027,312,19.045000000000012,13.964999999999996
1028,312,19.045000000000012,13.964999999999996
1029,312,19.045000000000012,13.964999999999996
1030,311,19.045000000000012,13.964999999999996
1031,322,19.045000000000012,13.964999999999996
1032,312,19.045000000000012,13.964999999999996
1033,312,19.045000000000012,13.964999999999996
1034,120,19.045000000000012,13.974999999999996
1035,120,19.045000000000012,13.974999999999996
1036,120,19.045000000000012,13.974999999999996
1037,412,19.055000000000014,13.974999999999996
1038,222,19.055000000000014,13.984999999999996
1039,221,19.055000000000014,13.984999999999996
1040,221,19.055000000000014,13.984999999999996
1041,222,19.055000000000014,13.984999999999996
1042,221,19.055000000000014,13.984999999999996
1043,221,19.055000000000014,13.984999999999996
1044,221,19.055000000000014,13.984999999999996
1045,221,19.055000000000014,13.984999999999996
1046,222,19.055000000000014,13.984999999999996
1047,222,19.055000000000014,13.984999999999996
1048,222,19.055000000000014,13.984999999999996
1049,211,19.055000000000014,13.984999999999996
1050,211,19.055000000000014,13.984999999999996
1051,211,19.055000000000014,13.984999999999996
1052,211,19.055000000000014,13.984999999999996
1053,222,19.055000000000014,13.984999999999996
1054,021,19.055000000000014,13.994999999999996
1055,211,19.055000000000014,13.984999999999996
1056,211,19.055000000000014,13.984999999999996
1057,211,19.055000000000014,13.984999999999996
1058,211,19.055000000000014,13.984999999999996
1059,222,19.055000000000014,13.984999999999996
1060,222,19.055000000000014,13.984999999999996
1061,020,19.055000000000014,13.994999999999996
1062,311,19.065000000000015,13.994999999999996
1063,311,19.065000000000015,13.994999999999996
1064,311,19.065000000000015,13.994999999999996
1065,322,19.065000000000015,13.994999999999996
1066,021,19.065000000000015,14.004999999999995
1067,411,19.075000000000017,14.004999999999995
1068,401,19.075000000000017,14.004999999999995
1069,401,19.075000000000017,14.004999999999995
1070,401,19.075000000000017,14.004999999999995
1071,120,19.065000000000015,14.004999999999995
1072,121,19.065000000000015,14.004999999999995
1073,121,19.065000000000015,14.004999999999995
1074,121,19.065000000000015,14.004999999999995
1075,401,19.075000000000017,14.004999999999995
1076,211,19.075000000000017,14.014999999999995
1077,021,19.075000000000017,14.024999999999995
1078,211,19.075000000000017,14.014999999999995
1079,411,19.075000000000017,14.004999999999995
1080,411,19.075000000000017,14.004999999999995
1081,411,19.075000000000017,14.004999999999995
1082,221,19.075000000000017,14.014999999999995
1083,221,19.075000000000017,14.014999999999995
1084,210,19.075000000000017,14.014999999999995
1085,211,19.075000000000017,14.014999999999995
1086,211,19.075000000000017,14.014999999999995
1087,211,19.075000000000017,14.014999999999995
1088,222,19.075000000000017,14.014999999999995
1089,211,19.075000000000017,14.014999999999995
1090,221,19.075000000000017,14.014999999999995
1091,221,19.075000000000017,14.014999999999995
1092,221,19.075000000000017,14.014999999999995
1093,221,19.075000000000017,14.014999999999995
1094,211,19.075000000000017,14.014999999999995
1095,211,19.075000000000017,14.014999999999995
1096,211,19.075000000000017,14.014999999999995
1097,211,19.075000000000017,14.014999999999995
1098,211,19.075000000000017,14.014999999999995
1099,211,19.075000000000017,14.014999999999995
1100,211,19.075000000000017,14.014999999999995
1101,212,19.075000000000017,14.014999999999995
1102,212,19.075000000000017,14.014999999999995
1103,212,19.075000000000017,14.014999999999995
1104,212,19.075000000000017,14.014999999999995
1105,212,19.075000000000017,14.014999999999995
1106,212,19.075000000000017,14.014999999999995
1107,501,19.075000000000017,14.004999999999995
1108,211,19.065000000000015,14.004999999999995
1109,212,19.065000000000015,14.004999999999995
1110,211,19.065000000000015,14.004999999999995
1111,221,19.065000000000015,14.004999999999995
1112,221,19.065000000000015,14.004999999999995
1113,221,19.065000000000015,14.004999999999995
1114,221,19.065000000000015,14.004999999999995
1115,221,19.065000000000015,14.004999999999995
1116,210,19.065000000000015,14.004999999999995
1117,210,19.065000000000015,14.004999999999995
1118,221,19.065000000000015,14.004999999999995
1119,221,19.065000000000015,14.004999999999995
1120,221,19.065000000000015,14.004999999999995
1121,222,19.065000000000015,14.004999999999995
1122,021,19.065000000000015,14.014999999999995
1123,021,19.065000000000015,14.014999999999995
1124,211,19.065000000000015,14.004999999999995
1125,502,19.065000000000015,13.994999999999996
1126,211,19.055000000000014,13.994999999999996
1127,221,19.055000000000014,13.994999999999996
1128,221,19.055000000000014,13.994999999999996
1129,222,19.055000000000014,13.994999999999996
1130,222,19.055000000000014,13.994999999999996
1131,222,19.055000000000014,13.994999999999996
1132,211,19.055000000000014,13.994999999999996
1133,200,19.055000000000014,13.994999999999996
1134,211,19.055000000000014,13.994999999999996
1135,211,19.055000000000014,13.994999999999996
1136,211,19.055000000000014,13.994999999999996
1137,211,19.055000000000014,13.994999999999996
1138,210,19.055000000000014,13.994999999999996
1139,211,19.055000000000014,13.994999999999996
1140,211,19.055000000000014,13.994999999999996
1141,211,19.055000000000014,13.994999999999996
1142,211,19.055000000000014,13.994999999999996
1143,200,19.055000000000014,13.994999999999996
1144,200,19.055000000000014,13.994999999999996
1145,212,19.055000000000014,13.994999999999996
1146,212,19.055000000000014,13.994999999999996
1147,212,19.055000000000014,13.994999999999996
1148,221,19.055000000000014,13.994999999999996
1149,221,19.055000000000014,13.994999999999996
1150,221,19.055000000000014,13.994999999999996
1151,211,19.055000000000014,13.994999999999996
1152,211,19.055000000000014,13.994999999999996
1153,211,19.055000000000014,13.994999999999996
1154,211,19.055000000000014,13.994999999999996
1155,210,19.055000000000014,13.994999999999996
1156,210,19.055000000000014,13.994999999999996
1157,210,19.055000000000014,13.994999999999996
1158,210,19.055000000000014,13.994999999999996
1159,411,19.055000000000014,13.984999999999996
1160,210,19.055000000000014,13.994999999999996
1161,210,19.055000000000014,13.994999999999996
1162,210,19.055000000000014,13.994999999999996
1163,212,19.055000000000014,13.994999999999996
1164,221,19.055000000000014,13.994999999999996
1165,221,19.055000000000014,13.994999999999996
1166,221,19.055000000000014,13.994999999999996
1167,221,19.055000000000014,13.994999999999996
1168,210,19.055000000000014,13.994999999999996
1169,210,19.055000000000014,13.994999999999996
1170,210,19.055000000000014,13.994999999999996
1171,210,19.055000000000014,13.994999999999996
1172,211,19.055000000000014,13.994999999999996
1173,212,19.055000000000014,13.994999999999996
1174,212,19.055000000000014,13.994999999999996
1175,212,19.055000000000014,13.994999999999996
1176,021,19.055000000000014,14.004999999999995
1177,312,19.065000000000015,14.004999999999995
1178,312,19.065000000000015,14.004999999999995
1179,021,19.065000000000015,14.014999999999995
1180,010,19.065000000000015,14.014999999999995
1181,010,19.065000000000015,14.014999999999995
1182,010,19.065000000000015,14.014999999999995
1183,312,19.075000000000017,14.014999999999995
1184,312,19.075000000000017,14.014999999999995
1185,312,19.075000000000017,14.014999999999995
1186,121,19.075000000000017,14.024999999999995
1187,121,19.075000000000017,14.024999999999995
1188,311,19.075000000000017,14.014999999999995
1189,311,19.075000000000017,14.014999999999995
1190,301,19.075000000000017,14.014999999999995
1191,300,19.075000000000017,14.014999999999995
1192,300,19.075000000000017,14.014999999999995
1193,300,19.075000000000017,14.014999999999995
1194,301,19.075000000000017,14.014999999999995
1195,301,19.075000000000017,14.014999999999995
1196,300,19.075000000000017,14.014999999999995
1197,300,19.075000000000017,14.014999999999995
1198,310,19.075000000000017,14.014999999999995
1199,311,19.075000000000017,14.014999999999995
1200,312,19.075000000000017,14.014999999999995
1201,312,19.075000000000017,14.014999999999995
1202,312,19.075000000000017,14.014999999999995
1203,312,19.075000000000017,14.014999999999995
1204,312,19.075000000000017,14.014999999999995
1205,312,19.075000000000017,14.014999999999995
1206,312,19.075000000000017,14.014999999999995
1207,312,19.075000000000017,14.014999999999995
1208,312,19.075000000000017,14.014999999999995
1209,312,19.075000000000017,14.014999999999995
1210,311,19.075000000000017,14.014999999999995
1211,310,19.075000000000017,14.014999999999995
1212,310,19.075000000000017,14.014999999999995
1213,501,19.075000000000017,14.004999999999995
1214,501,19.075000000000017,14.004999999999995
1215,502,19.075000000000017,14.004999999999995
1216,502,19.075000000000017,14.004999999999995
1217,502,19.075000000000017,14.004999999999995
1218,300,19.075000000000017,14.014999999999995
1219,300,19.075000000000017,14.014999999999995
1220,300,19.075000000000017,14.014999999999995
1221,300,19.075000000000017,14.014999999999995
1222,300,19.075000000000017,14.014999999999995
1223,301,19.075000000000017,14.014999999999995
1224,301,19.075000000000017,14.014999999999995
1225,301,19.075000000000017,14.014999999999995
1226,121,19.075000000000017,14.024999999999995
1227,121,19.075000000000017,14.024999999999995
1228,121,19.075000000000017,14.024999999999995
1229,412,19.08500000000002,14.024999999999995
1230,411,19.08500000000002,14.024999999999995
1231,411,19.08500000000002,14.024999999999995
1232,411,19.08500000000002,14.024999999999995
1233,411,19.08500000000002,14.024999999999995
1234,411,19.08500000000002,14.024999999999995
1235,411,19.08500000000002,14.024999999999995
1236,411,19.08500000000002,14.024999999999995
1237,220,19.08500000000002,14.034999999999995
1238,512,19.09500000000002,14.034999999999995
1239,211,19.09500000000002,14.044999999999995
1240,211,19.09500000000002,14.044999999999995
1241,502,19.10500000000002,14.044999999999995
1242,502,19.10500000000002,14.044999999999995
1243,502,19.10500000000002,14.044999999999995
1244,502,19.10500000000002,14.044999999999995
1245,501,19.10500000000002,14.044999999999995
1246,502,19.10500000000002,14.044999999999995
1247,211,19.09500000000002,14.044999999999995
1248,211,19.09500000000002,14.044999999999995
1249,020,19.09500000000002,14.054999999999994
1250,222,19.09500000000002,14.044999999999995
1251,222,19.09500000000002,14.044999999999995
1252,222,19.09500000000002,14.044999999999995
1253,222,19.09500000000002,14.044999999999995
1254,020,19.09500000000002,14.054999999999994
1255,010,19.09500000000002,14.054999999999994
1256,020,19.09500000000002,14.054999999999994
1257,021,19.09500000000002,14.054999999999994
1258,010,19.09500000000002,14.054999999999994
1259,311,19.09500000000002,14.044999999999995
1260,311,19.09500000000002,14.044999999999995
1261,312,19.09500000000002,14.044999999999995
1262,312,19.09500000000002,14.044999999999995
1263,312,19.09500000000002,14.044999999999995
1264,312,19.09500000000002,14.044999999999995
1265,312,19.09500000000002,14.044999999999995
1266,121,19.09500000000002,14.054999999999994
1267,122,19.09500000000002,14.054999999999994
1268,111,19.09500000000002,14.054999999999994
1269,122,19.09500000000002,14.054999999999994
1270,121,19.09500000000002,14.054999999999994
1271,311,19.09500000000002,14.044999999999995
1272,312,19.09500000000002,14.044999999999995
1273,312,19.09500000000002,14.044999999999995
1274,312,19.09500000000002,14.044999999999995
1275,311,19.09500000000002,14.044999999999995
1276,311,19.09500000000002,14.044999999999995
1277,310,19.09500000000002,14.044999999999995
1278,311,19.09500000000002,14.044999999999995
1279,311,19.09500000000002,14.044999999999995
1280,311,19.09500000000002,14.044999999999995
1281,312,19.09500000000002,14.044999999999995
1282,121,19.09500000000002,14.054999999999994
1283,111,19.09500000000002,14.054999999999994
1284,121,19.09500000000002,14.054999999999994
1285,121,19.09500000000002,14.054999999999994
1286,311,19.09500000000002,14.044999999999995
1287,310,19.09500000000002,14.044999999999995
1288,301,19.09500000000002,14.044999999999995
1289,301,19.09500000000002,14.044999999999995
1290,301,19.09500000000002,14.044999999999995
1291,300,19.09500000000002,14.044999999999995
1292,501,19.09500000000002,14.034999999999995
1293,111,19.08500000000002,14.034999999999995
1294,111,19.08500000000002,14.034999999999995
1295,110,19.08500000000002,14.034999999999995
1296,110,19.08500000000002,14.034999999999995
1297,110,19.08500000000002,14.034999999999995
1298,111,19.08500000000002,14.034999999999995
1299,110,19.08500000000002,14.034999999999995
1300,110,19.08500000000002,14.034999999999995
1301,411,19.08500000000002,14.024999999999995
1302,411,19.08500000000002,14.024999999999995
1303,412,19.08500000000002,14.024999999999995
1304,412,19.08500000000002,14.024999999999995
1305,121,19.08500000000002,14.034999999999995
1306,121,19.08500000000002,14.034999999999995
1307,121,19.08500000000002,14.034999999999995
1308,121,19.08500000000002,14.034999999999995
1309,121,19.08500000000002,14.034999999999995
1310,121,19.08500000000002,14.034999999999995
1311,121,19.08500000000002,14.034999999999995
1312,121,19.08500000000002,14.034999999999995
1313,121,19.08500000000002,14.034999999999995
1314,121,19.08500000000002,14.034999999999995
1315,311,19.08500000000002,14.024999999999995
1316,311,19.08500000000002,14.024999999999995
1317,300,19.08500000000002,14.024999999999995
1318,502,19.08500000000002,14.014999999999995
1319,501,19.08500000000002,14.014999999999995
1320,110,19.075000000000017,14.014999999999995
1321,121,19.075000000000017,14.014999999999995
1322,121,19.075000000000017,14.014999999999995
1323,121,19.075000000000017,14.014999999999995
1324,121,19.075000000000017,14.014999999999995
1325,121,19.075000000000017,14.014999999999995
1326,111,19.075000000000017,14.014999999999995
1327,111,19.075000000000017,14.014999999999995
1328,111,19.075000000000017,14.014999999999995
1329,111,19.075000000000017,14.014999999999995
1330,411,19.075000000000017,14.004999999999995
1331,211,19.075000000000017,14.014999999999995
1332,210,19.075000000000017,14.014999999999995
1333,411,19.075000000000017,14.004999999999995
1334,411,19.075000000000017,14.004999999999995
1335,401,19.075000000000017,14.004999999999995
1336,020,19.065000000000015,14.004999999999995
1337,221,19.065000000000015,13.994999999999996
1338,221,19.065000000000015,13.994999999999996
1339,221,19.065000000000015,13.994999999999996
1340,210,19.065000000000015,13.994999999999996
1341,210,19.065000000000015,13.994999999999996
1342,210,19.065000000000015,13.994999999999996
1343,210,19.065000000000015,13.994999999999996
1344,210,19.065000000000015,13.994999999999996
1345,211,19.065000000000015,13.994999999999996
1346,211,19.065000000000015,13.994999999999996
1347,211,19.065000000000015,13.994999999999996
1348,210,19.065000000000015,13.994999999999996
1349,210,19.065000000000015,13.994999999999996
1350,210,19.065000000000015,13.994999999999996
1351,210,19.065000000000015,13.994999999999996
1352,211,19.065000000000015,13.994999999999996
1353,211,19.065000000000015,13.994999999999996
1354,501,19.065000000000015,13.984999999999996
1355,210,19.055000000000014,13.984999999999996
1356,401,19.055000000000014,13.974999999999996
1357,401,19.055000000000014,13.974999999999996
1358,401,19.055000000000014,13.974999999999996
1359,401,19.055000000000014,13.974999999999996
1360,401,19.055000000000014,13.974999999999996
1361,111,19.045000000000012,13.974999999999996
1362,111,19.045000000000012,13.974999999999996
1363,111,19.045000000000012,13.974999999999996
1364,111,19.045000000000012,13.974999999999996
1365,110,19.045000000000012,13.974999999999996
1366,110,19.045000000000012,13.974999999999996
1367,311,19.045000000000012,13.964999999999996
1368,311,19.045000000000012,13.964999999999996
1369,311,19.045000000000012,13.964999999999996
1370,311,19.045000000000012,13.964999999999996
1371,021,19.045000000000012,13.974999999999996
1372,401,19.055000000000014,13.974999999999996
1373,411,19.055000000000014,13.974999999999996
1374,401,19.055000000000014,13.974999999999996
1375,412,19.055000000000014,13.974999999999996
1376,402,19.055000000000014,13.974999999999996
1377,210,19.055000000000014,13.984999999999996
1378,210,19.055000000000014,13.984999999999996
1379,211,19.055000000000014,13.984999999999996
1380,211,19.055000000000014,13.984999999999996
1381,210,19.055000000000014,13.984999999999996
1382,211,19.055000000000014,13.984999999999996
1383,211,19.055000000000014,13.984999999999996
1384,211,19.055000000000014,13.984999999999996
1385,221,19.055000000000014,13.984999999999996
1386,221,19.055000000000014,13.984999999999996
1387,222,19.055000000000014,13.984999999999996
1388,221,19.055000000000014,13.984999999999996
1389,221,19.055000000000014,13.984999999999996
1390,410,19.055000000000014,13.974999999999996
1391,411,19.055000000000014,13.974999999999996
1392,412,19.055000000000014,13.974999999999996
1393,211,19.055000000000014,13.984999999999996
1394,211,19.055000000000014,13.984999999999996
1395,211,19.055000000000014,13.984999999999996
1396,211,19.055000000000014,13.984999999999996
1397,211,19.055000000000014,13.984999999999996
1398,211,19.055000000000014,13.984999999999996
1399,211,19.055000000000014,13.984999999999996
1400,501,19.055000000000014,13.974999999999996
1401,501,19.055000000000014,13.974999999999996
1402,210,19.045000000000012,13.974999999999996
1403,210,19.045000000000012,13.974999999999996
1404,210,19.045000000000012,13.974999999999996
1405,210,19.045000000000012,13.974999999999996
1406,211,19.045000000000012,13.974999999999996
1407,020,19.045000000000012,13.984999999999996
1408,020,19.045000000000012,13.984999999999996
1409,311,19.055000000000014,13.984999999999996
1410,312,19.055000000000014,13.984999999999996
1411,312,19.055000000000014,13.984999999999996
1412,311,19.055000000000014,13.984999999999996
1413,312,19.055000000000014,13.984999999999996
1414,311,19.055000000000014,13.984999999999996
1415,300,19.055000000000014,13.984999999999996
1416,502,19.055000000000014,13.974999999999996
1417,210,19.045000000000012,13.974999999999996
1418,221,19.045000000000012,13.974999999999996
1419,211,19.045000000000012,13.974999999999996
1420,212,19.045000000000012,13.974999999999996
1421,021,19.045000000000012,13.984999999999996
1422,021,19.045000000000012,13.984999999999996
1423,312,19.055000000000014,13.984999999999996
1424,322,19.055000000000014,13.984999999999996
1425,312,19.055000000000014,13.984999999999996
1426,312,19.055000000000014,13.984999999999996
1427,312,19.055000000000014,13.984999999999996
1428,311,19.055000000000014,13.984999999999996
1429,311,19.055000000000014,13.984999999999996
1430,311,19.055000000000014,13.984999999999996
1431,311,19.055000000000014,13.984999999999996
1432,301,19.055000000000014,13.984999999999996
1433,301,19.055000000000014,13.984999999999996
1434,301,19.055000000000014,13.984999999999996
1435,312,19.055000000000014,13.984999999999996
1436,312,19.055000000000014,13.984999999999996
1437,311,19.055000000000014,13.984999999999996
1438,311,19.055000000000014,13.984999999999996
1439,311,19.055000000000014,13.984999999999996
1440,311,19.055000000000014,13.984999999999996
1441,300,19.055000000000014,13.984999999999996
1442,502,19.055000000000014,13.974999999999996
1443,502,19.055000000000014,13.974999999999996
1444,502,19.055000000000014,13.974999999999996
1445,501,19.055000000000014,13.974999999999996
1446,211,19.045000000000012,13.974999999999996
1447,211,19.045000000000012,13.974999999999996
1448,211,19.045000000000012,13.974999999999996
1449,211,19.045000000000012,13.974999999999996
1450,502,19.055000000000014,13.974999999999996
1451,211,19.045000000000012,13.974999999999996
1452,211,19.045000000000012,13.974999999999996
1453,222,19.045000000000012,13.974999999999996
1454,210,19.045000000000012,13.974999999999996
1455,210,19.045000000000012,13.974999999999996
1456,211,19.045000000000012,13.974999999999996
1457,222,19.045000000000012,13.974999999999996
1458,222,19.045000000000012,13.974999999999996
1459,021,19.045000000000012,13.984999999999996
1460,300,19.055000000000014,13.984999999999996
1461,300,19.055000000000014,13.984999999999996
1462,300,19.055000000000014,13.984999999999996
1463,300,19.055000000000014,13.984999999999996
1464,502,19.055000000000014,13.974999999999996
1465,311,19.055000000000014,13.984999999999996
1466,311,19.055000000000014,13.984999999999996
1467,111,19.055000000000014,13.994999999999996
1468,121,19.055000000000014,13.994999999999996
1469,502,19.065000000000015,13.994999999999996
1470,311,19.065000000000015,14.004999999999995
1471,301,19.065000000000015,14.004999999999995
1472,301,19.065000000000015,14.004999999999995
1473,301,19.065000000000015,14.004999999999995
1474,301,19.065000000000015,14.004999999999995
1475,300,19.065000000000015,14.004999999999995
1476,300,19.065000000000015,14.004999999999995
1477,300,19.065000000000015,14.004999999999995
1478,310,19.065000000000015,14.004999999999995
1479,300,19.065000000000015,14.004999999999995
1480,502,19.065000000000015,13.994999999999996
1481,502,19.065000000000015,13.994999999999996
1482,311,19.065000000000015,14.004999999999995
1483,311,19.065000000000015,14.004999999999995
1484,300,19.065000000000015,14.004999999999995
1485,300,19.065000000000015,14.004999999999995
1486,300,19.065000000000015,14.004999999999995
1487,300,19.065000000000015,14.004999999999995
1488,501,19.065000000000015,13.994999999999996
1489,502,19.065000000000015,13.994999999999996
1490,311,19.065000000000015,14.004999999999995
1491,310,19.065000000000015,14.004999999999995
1492,311,19.065000000000015,14.004999999999995
1493,310,19.065000000000015,14.004999999999995
1494,300,19.065000000000015,14.004999999999995
1495,300,19.065000000000015,14.004999999999995
1496,300,19.065000000000015,14.004999999999995
1497,300,19.065000000000015,14.004999999999995
1498,300,19.065000000000015,14.004999999999995
1499,300,19.065000000000015,14.004999999999995
1500,502,19.065000000000015,13.994999999999996
1501,211,19.055000000000014,13.994999999999996
1502,211,19.055000000000014,13.994999999999996
1503,211,19.055000000000014,13.994999999999996
1504,211,19.055000000000014,13.994999999999996
1505,211,19.055000000000014,13.994999999999996
1506,211,19.055000000000014,13.994999999999996
1507,211,19.055000000000014,13.994999999999996
1508,211,19.055000000000014,13.994999999999996
1509,210,19.055000000000014,13.994999999999996
1510,401,19.055000000000014,13.984999999999996
1511,401,19.055000000000014,13.984999999999996
1512,401,19.055000000000014,13.984999999999996
1513,111,19.045000000000012,13.984999999999996
1514,110,19.045000000000012,13.984999999999996
1515,111,19.045000000000012,13.984999999999996
1516,111,19.045000000000012,13.984999999999996
1517,411,19.045000000000012,13.974999999999996
1518,412,19.045000000000012,13.974999999999996
1519,412,19.045000000000012,13.974999999999996
1520,402,19.045000000000012,13.974999999999996
1521,211,19.045000000000012,13.984999999999996
1522,211,19.045000000000012,13.984999999999996
1523,211,19.045000000000012,13.984999999999996
1524,211,19.045000000000012,13.984999999999996
1525,212,19.045000000000012,13.984999999999996
1526,211,19.045000000000012,13.984999999999996
1527,211,19.045000000000012,13.984999999999996
1528,211,19.045000000000012,13.984999999999996
1529,211,19.045000000000012,13.984999999999996
1530,211,19.045000000000012,13.984999999999996
1531,221,19.045000000000012,13.984999999999996
1532,221,19.045000000000012,13.984999999999996
1533,222,19.045000000000012,13.984999999999996
1534,210,19.045000000000012,13.984999999999996
1535,210,19.045000000000012,13.984999999999996
1536,210,19.045000000000012,13.984999999999996
1537,401,19.045000000000012,13.974999999999996
1538,411,19.045000000000012,13.974999999999996
1539,411,19.045000000000012,13.974999999999996
1540,411,19.045000000000012,13.974999999999996
1541,412,19.045000000000012,13.974999999999996
1542,111,19.045000000000012,13.984999999999996
1543,110,19.045000000000012,13.984999999999996
1544,111,19.045000000000012,13.984999999999996
1545,121,19.045000000000012,13.984999999999996
1546,411,19.055000000000014,13.984999999999996
1547,412,19.055000000000014,13.984999999999996
1548,412,19.055000000000014,13.984999999999996
1549,121,19.055000000000014,13.994999999999996
1550,411,19.065000000000015,13.994999999999996
1551,401,19.065000000000015,13.994999999999996
1552,401,19.065000000000015,13.994999999999996
1553,412,19.065000000000015,13.994999999999996
1554,412,19.065000000000015,13.994999999999996
1555,402,19.065000000000015,13.994999999999996
1556,401,19.065000000000015,13.994999999999996
1557,401,19.065000000000015,13.994999999999996
1558,110,19.055000000000014,13.994999999999996
1559,111,19.055000000000014,13.994999999999996
1560,401,19.065000000000015,13.994999999999996
1561,401,19.065000000000015,13.994999999999996
1562,401,19.065000000000015,13.994999999999996
1563,401,19.065000000000015,13.994999999999996
1564,211,19.065000000000015,14.004999999999995
1565,211,19.065000000000015,14.004999999999995
1566,211,19.065000000000015,14.004999999999995
1567,211,19.065000000000015,14.004999999999995
1568,211,19.065000000000015,14.004999999999995
1569,211,19.065000000000015,14.004999999999995
1570,211,19.065000000000015,14.004999999999995
1571,211,19.065000000000015,14.004999999999995
1572,222,19.065000000000015,14.004999999999995
1573,222,19.065000000000015,14.004999999999995
1574,222,19.065000000000015,14.004999999999995
1575,212,19.065000000000015,14.004999999999995
1576,021,19.065000000000015,14.014999999999995
1577,021,19.065000000000015,14.014999999999995
1578,021,19.065000000000015,14.014999999999995
1579,021,19.065000000000015,14.014999999999995
1580,020,19.065000000000015,14.014999999999995
1581,021,19.065000000000015,14.014999999999995
1582,021,19.065000000000015,14.014999999999995
1583,311,19.075000000000017,14.014999999999995
1584,310,19.075000000000017,14.014999999999995
1585,310,19.075000000000017,14.014999999999995
1586,300,19.075000000000017,14.014999999999995
1587,311,19.075000000000017,14.014999999999995
1588,311,19.075000000000017,14.014999999999995
1589,310,19.075000000000017,14.014999999999995
1590,310,19.075000000000017,14.014999999999995
1591,301,19.075000000000017,14.014999999999995
1592,312,19.075000000000017,14.014999999999995
1593,121,19.075000000000017,14.024999999999995
1594,121,19.075000000000017,14.024999999999995
1595,111,19.075000000000017,14.024999999999995
1596,401,19.075000000000017,14.014999999999995
1597,401,19.075000000000017,14.014999999999995
1598,401,19.075000000000017,14.014999999999995
1599,401,19.075000000000017,14.014999999999995
1600,412,19.075000000000017,14.014999999999995
1601,402,19.075000000000017,14.014999999999995
1602,412,19.075000000000017,14.014999999999995
1603,411,19.075000000000017,14.014999999999995
1604,411,19.075000000000017,14.014999999999995
1605,411,19.075000000000017,14.014999999999995
1606,411,19.075000000000017,14.014999999999995
1607,411,19.075000000000017,14.014999999999995
1608,110,19.065000000000015,14.014999999999995
1609,110,19.065000000000015,14.014999999999995
1610,110,19.065000000000015,14.014999999999995
1611,121,19.065000000000015,14.014999999999995
1612,121,19.065000000000015,14.014999999999995
1613,121,19.065000000000015,14.014999999999995
1614,411,19.075000000000017,14.014999999999995
1615,401,19.075000000000017,14.014999999999995
1616,401,19.075000000000017,14.014999999999995
1617,121,19.065000000000015,14.014999999999995
1618,121,19.065000000000015,14.014999999999995
1619,121,19.065000000000015,14.014999999999995
1620,121,19.065000000000015,14.014999999999995
1621,120,19.065000000000015,14.014999999999995
1622,121,19.065000000000015,14.014999999999995
1623,121,19.065000000000015,14.014999999999995
1624,411,19.065000000000015,14.004999999999995
1625,411,19.065000000000015,14.004999999999995
1626,411,19.065000000000015,14.004999999999995
1627,401,19.065000000000015,14.004999999999995
1628,402,19.065000000000015,14.004999999999995
1629,402,19.065000000000015,14.004999999999995
1630,201,19.065000000000015,14.014999999999995
1631,211,19.065000000000015,14.014999999999995
1632,210,19.065000000000015,14.014999999999995
1633,210,19.065000000000015,14.014999999999995
1634,211,19.065000000000015,14.014999999999995
1635,211,19.065000000000015,14.014999999999995
1636,211,19.065000000000015,14.014999999999995
1637,412,19.065000000000015,14.004999999999995
1638,111,19.065000000000015,14.014999999999995
1639,110,19.065000000000015,14.014999999999995
1640,110,19.065000000000015,14.014999999999995
1641,110,19.065000000000015,14.014999999999995
1642,111,19.065000000000015,14.014999999999995
1643,111,19.065000000000015,14.014999999999995
1644,110,19.065000000000015,14.014999999999995
1645,311,19.065000000000015,14.004999999999995
1646,021,19.065000000000015,14.014999999999995
1647,020,19.065000000000015,14.014999999999995
1648,311,19.075000000000017,14.014999999999995
1649,312,19.075000000000017,14.014999999999995
1650,301,19.075000000000017,14.014999999999995
1651,300,19.075000000000017,14.014999999999995
1652,501,19.075000000000017,14.004999999999995
1653,501,19.075000000000017,14.004999999999995
1654,211,19.075000000000017,14.014999999999995
1655,211,19.075000000000017,14.014999999999995
1656,221,19.075000000000017,14.014999999999995
1657,211,19.075000000000017,14.014999999999995
1658,212,19.075000000000017,14.014999999999995
1659,212,19.075000000000017,14.014999999999995
1660,211,19.075000000000017,14.014999999999995
1661,200,19.075000000000017,14.014999999999995
1662,211,19.075000000000017,14.014999999999995
1663,221,19.075000000000017,14.014999999999995
1664,221,19.075000000000017,14.014999999999995
1665,210,19.075000000000017,14.014999999999995
1666,210,19.075000000000017,14.014999999999995
1667,221,19.075000000000017,14.014999999999995
1668,211,19.075000000000017,14.014999999999995
1669,501,19.075000000000017,14.004999999999995
1670,501,19.075000000000017,14.004999999999995
1671,211,19.065000000000015,14.004999999999995
1672,211,19.065000000000015,14.004999999999995
1673,212,19.065000000000015,14.004999999999995
1674,212,19.065000000000015,14.004999999999995
1675,212,19.065000000000015,14.004999999999995
1676,212,19.065000000000015,14.004999999999995
1677,212,19.065000000000015,14.004999999999995
1678,222,19.065000000000015,14.004999999999995
1679,212,19.065000000000015,14.004999999999995
1680,212,19.065000000000015,14.004999999999995
1681,221,19.065000000000015,14.004999999999995
1682,221,19.065000000000015,14.004999999999995
1683,221,19.065000000000015,14.004999999999995
1684,221,19.065000000000015,14.004999999999995
1685,221,19.065000000000015,14.004999999999995
1686,221,19.065000000000015,14.004999999999995
1687,221,19.065000000000015,14.004999999999995
1688,221,19.065000000000015,14.004999999999995
1689,222,19.065000000000015,14.004999999999995
1690,222,19.065000000000015,14.004999999999995
1691,222,19.065000000000015,14.004999999999995
1692,212,19.065000000000015,14.004999999999995
1693,221,19.065000000000015,14.004999999999995
1694,222,19.065000000000015,14.004999999999995
1695,222,19.065000000000015,14.004999999999995
1696,222,19.065000000000015,14.004999999999995
1697,211,19.065000000000015,14.004999999999995
1698,020,19.065000000000015,14.014999999999995
1699,020,19.065000000000015,14.014999999999995
1700,222,19.065000000000015,14.004999999999995
1701,222,19.065000000000015,14.004999999999995
1702,020,19.065000000000015,14.014999999999995
1703,311,19.075000000000017,14.014999999999995
1704,111,19.075000000000017,14.024999999999995
1705,111,19.075000000000017,14.024999999999995
1706,121,19.075000000000017,14.024999999999995
1707,121,19.075000000000017,14.024999999999995
1708,120,19.075000000000017,14.024999999999995
1709,120,19.075000000000017,14.024999999999995
1710,120,19.075000000000017,14.024999999999995
1711,412,19.08500000000002,14.024999999999995
1712,412,19.08500000000002,14.024999999999995
1713,401,19.08500000000002,14.024999999999995
1714,211,19.08500000000002,14.034999999999995
1715,212,19.08500000000002,14.034999999999995
1716,211,19.08500000000002,14.034999999999995
1717,211,19.08500000000002,14.034999999999995
1718,212,19.08500000000002,14.034999999999995
1719,212,19.08500000000002,14.034999999999995
1720,222,19.08500000000002,14.034999999999995
1721,222,19.08500000000002,14.034999999999995
1722,222,19.08500000000002,14.034999999999995
1723,222,19.08500000000002,14.034999999999995
1724,221,19.08500000000002,14.034999999999995
1725,211,19.08500000000002,14.034999999999995
1726,212,19.08500000000002,14.034999999999995
1727,212,19.08500000000002,14.034999999999995
1728,021,19.08500000000002,14.044999999999995
1729,010,19.08500000000002,14.044999999999995
1730,010,19.08500000000002,14.044999999999995
1731,021,19.08500000000002,14.044999999999995
1732,411,19.09500000000002,14.044999999999995
1733,401,19.09500000000002,14.044999999999995
1734,401,19.09500000000002,14.044999999999995
1735,400,19.09500000000002,14.044999999999995
1736,411,19.09500000000002,14.044999999999995
1737,401,19.09500000000002,14.044999999999995
1738,402,19.09500000000002,14.044999999999995
1739,402,19.09500000000002,14.044999999999995
1740,110,19.08500000000002,14.044999999999995
1741,110,19.08500000000002,14.044999999999995
1742,311,19.08500000000002,14.034999999999995
1743,301,19.08500000000002,14.034999999999995
1744,301,19.08500000000002,14.034999999999995
1745,301,19.08500000000002,14.034999999999995
1746,301,19.08500000000002,14.034999999999995
1747,300,19.08500000000002,14.034999999999995
1748,300,19.08500000000002,14.034999999999995
1749,300,19.08500000000002,14.034999999999995
1750,300,19.08500000000002,14.034999999999995
1751,311,19.08500000000002,14.034999999999995
1752,311,19.08500000000002,14.034999999999995
1753,312,19.08500000000002,14.034999999999995
1754,311,19.08500000000002,14.034999999999995
1755,312,19.08500000000002,14.034999999999995
1756,312,19.08500000000002,14.034999999999995
1757,301,19.08500000000002,14.034999999999995
1758,312,19.08500000000002,14.034999999999995
1759,312,19.08500000000002,14.034999999999995
1760,121,19.08500000000002,14.044999999999995
1761,121,19.08500000000002,14.044999999999995
1762,121,19.08500000000002,14.044999999999995
1763,121,19.08500000000002,14.044999999999995
1764,121,19.08500000000002,14.044999999999995
1765,311,19.08500000000002,14.034999999999995
1766,311,19.08500000000002,14.034999999999995
1767,312,19.08500000000002,14.034999999999995
1768,311,19.08500000000002,14.034999999999995
1769,311,19.08500000000002,14.034999999999995
1770,311,19.08500000000002,14.034999999999995
1771,301,19.08500000000002,14.034999999999995
1772,312,19.08500000000002,14.034999999999995
1773,121,19.08500000000002,14.044999999999995
1774,411,19.08500000000002,14.034999999999995
1775,401,19.08500000000002,14.034999999999995
1776,111,19.075000000000017,14.034999999999995
1777,111,19.075000000000017,14.034999999999995
1778,111,19.075000000000017,14.034999999999995
1779,111,19.075000000000017,14.034999999999995
1780,111,19.075000000000017,14.034999999999995
1781,111,19.075000000000017,14.034999999999995
1782,121,19.075000000000017,14.034999999999995
1783,121,19.075000000000017,14.034999999999995
1784,121,19.075000000000017,14.034999999999995
1785,121,19.075000000000017,14.034999999999995
1786,402,19.08500000000002,14.034999999999995
1787,412,19.08500000000002,14.034999999999995
1788,111,19.08500000000002,14.044999999999995
1789,111,19.08500000000002,14.044999999999995
1790,112,19.08500000000002,14.044999999999995
1791,111,19.08500000000002,14.044999999999995
1792,111,19.08500000000002,14.044999999999995
1793,301,19.08500000000002,14.034999999999995
1794,301,19.08500000000002,14.034999999999995
1795,311,19.08500000000002,14.034999999999995
1796,311,19.08500000000002,14.034999999999995
1797,310,19.08500000000002,14.034999999999995
1798,322,19.08500000000002,14.034999999999995
1799,311,19.08500000000002,14.034999999999995
1800,311,19.08500000000002,14.034999999999995
1801,311,19.08500000000002,14.034999999999995
1802,311,19.08500000000002,14.034999999999995
1803,311,19.08500000000002,14.034999999999995
1804,312,19.08500000000002,14.034999999999995
1805,312,19.08500000000002,14.034999999999995
1806,110,19.08500000000002,14.044999999999995
1807,111,19.08500000000002,14.044999999999995
1808,121,19.08500000000002,14.044999999999995
1809,121,19.08500000000002,14.044999999999995
1810,411,19.09500000000002,14.044999999999995
1811,411,19.09500000000002,14.044999999999995
1812,412,19.09500000000002,14.044999999999995
1813,412,19.09500000000002,14.044999999999995
1814,411,19.09500000000002,14.044999999999995
1815,411,19.09500000000002,14.044999999999995
1816,411,19.09500000000002,14.044999999999995
1817,400,19.09500000000002,14.044999999999995
1818,400,19.09500000000002,14.044999999999995
1819,411,19.09500000000002,14.044999999999995
1820,401,19.09500000000002,14.044999999999995
1821,401,19.09500000000002,14.044999999999995
1822,401,19.09500000000002,14.044999999999995
1823,401,19.09500000000002,14.044999999999995
1824,412,19.09500000000002,14.044999999999995
1825,412,19.09500000000002,14.044999999999995
1826,412,19.09500000000002,14.044999999999995
1827,412,19.09500000000002,14.044999999999995
1828,111,19.09500000000002,14.054999999999994
1829,110,19.09500000000002,14.054999999999994
1830,411,19.09500000000002,14.044999999999995
1831,411,19.09500000000002,14.044999999999995
1832,411,19.09500000000002,14.044999999999995
1833,411,19.09500000000002,14.044999999999995
1834,401,19.09500000000002,14.044999999999995
1835,222,19.09500000000002,14.054999999999994
1836,222,19.09500000000002,14.054999999999994
1837,222,19.09500000000002,14.054999999999994
1838,221,19.09500000000002,14.054999999999994
1839,221,19.09500000000002,14.054999999999994
1840,221,19.09500000000002,14.054999999999994
1841,221,19.09500000000002,14.054999999999994
